,grade,stateabb,leaidC,fips,year,mn_all,mn_asn,mn_blk,mn_fem,mn_hsp,mn_mal,mn_wht,mn_wag,mn_wbg,mn_whg,mn_mfg
0,3,AK,200351.4827586207,2.0,2013.0,183.68291896551722,189.764975,179.59936499999998,185.90183937499998,195.79631799999999,180.502634,211.8275188888889,22.47617725,33.85385099999999,16.0062987,-10.45860526
1,3,AL,101699.48507462686,1.0,2013.0,206.6110291044777,239.29975000000002,193.00916239999998,210.3129049624061,194.87395135135134,202.87505962406027,216.39741603448277,-8.065085536363636,23.389985468292682,23.126707702777782,-7.437844980624057
2,3,AR,506836.9356223176,5.0,2013.0,207.88221592274664,227.953674,190.52704879310338,216.13436234636882,200.15601290322581,199.39225481481486,212.31920825471713,-10.206597960000002,24.502368371739127,16.04270978387097,-15.361094904595763
3,3,AZ,404938.46896551724,4.0,2013.0,194.61237696551729,216.47487703703706,188.4592737209303,200.34377760330568,189.8482570999999,190.99082783999992,209.89916829545456,-0.7582646466666668,22.194735329999997,18.41154995285714,-9.190639387085467
4,3,CA,621592.5390070922,6.0,2013.0,198.34875546099275,219.2949007857142,189.37421852272726,202.98635552674256,187.74126032846718,195.97489068799996,210.85798830855018,-5.1741837158731325,20.920064520229406,21.30175459791184,-6.937269805231406
5,3,CO,804474.0247933884,8.0,2013.0,214.09096239669415,219.30578111111106,202.68866315789478,217.1685751612903,199.8150739393939,208.70070733333333,220.86481528301883,5.161719388888889,22.765034831578944,20.711489274193546,-8.148793063802321
6,3,CT,902707.4342105263,9.0,2013.0,222.74241624999993,233.41986967741934,201.08303374999994,225.83283151079132,203.80336638297877,220.97038134751782,226.30932904761903,-4.768241596129032,21.599849296551728,18.937505580212772,-4.707472972014705
7,3,DC,1100030.0,11.0,2013.0,194.3,,185.49312,200.14563,191.25308,188.44269,248.13591,,62.64279200000001,56.882828,-11.702942
8,3,DE,1000796.6666666666,10.0,2013.0,213.7106526666667,232.83021000000002,200.83675266666665,215.45958466666667,202.90049833333333,212.068504,224.66127733333335,-9.3141404,23.824522866666666,22.355260233333336,-3.3910786786666662
9,3,FL,1201062.5857142857,12.0,2013.0,216.27842114285716,232.24168230769232,201.02748541666668,219.30105352941175,209.03068428571424,213.26946028985506,223.5430759259259,-4.000890872307692,23.74261772826087,16.06110251219512,-6.063019914970589
10,3,GA,1302876.8595505618,13.0,2013.0,204.8661117977529,224.1127138095238,191.0016471428571,208.53044833333328,196.8886570454545,202.4436788439307,218.93245272727276,3.5790703934761905,28.085179733823527,25.13549053563219,-6.050376578248556
11,3,HI,1500030.0,15.0,2013.0,202.27501,199.16106000000002,199.88128999999998,208.41461,195.81602,196.41343999999998,223.64087999999998,24.479828,23.759598,27.824859999999997,-12.001175
12,3,IA,1916405.2666666666,19.0,2013.0,213.28329116666674,215.84816,188.70616500000003,216.31297577889444,192.8689896774194,210.4547281981982,215.1233438620689,4.4992659779999995,28.5217229,22.31868081333333,-5.249397020055375
13,3,ID,1601690.4512195121,16.0,2013.0,201.37322536585367,207.81744,181.47876000000002,206.68026388059704,184.34369714285717,200.50996276923075,207.92999986301368,4.53942359,29.902053999999996,24.738331976470587,-6.5142989500000015
14,3,IL,1721585.1856287424,17.0,2013.0,209.42982525449125,229.1734957142857,190.8773601574804,215.7375232490275,195.7156195480227,204.7996915311911,213.7768529556651,-3.5728552810000003,23.973080073118272,20.965687080121008,-10.949058448437876
15,3,IN,1806560.293286219,18.0,2013.0,215.717192261484,224.738618,197.3172306976744,219.7473144890513,204.05286026666664,211.7399072101449,217.72903700000006,3.0919159199999995,21.818647380487803,15.576676892361112,-8.072119750166662
16,3,KS,2007532.9074074074,20.0,2013.0,214.58398981481488,,194.75688750000003,214.9319663636364,201.74694374999999,213.24407222222226,216.57290636815912,,19.549768916666668,15.962431406562498,-1.6462266122131144
17,3,KY,2102927.8421052634,21.0,2013.0,210.62507543859638,219.86409500000002,193.11121892857142,213.6692187195122,200.9697468,208.52498335365848,212.5149023668639,-3.437606675,22.816373585714285,15.596882372,-5.070856901059316
18,3,LA,2200940.9305555555,22.0,2013.0,196.69378402777778,217.02659083333336,184.6601106060606,201.98087185714294,199.4828039130435,190.79668605633807,208.0658196969696,-3.613416010666667,20.52013309672131,11.451993873913043,-12.017297607142856
19,3,MA,2507219.48046875,25.0,2013.0,225.01191171874996,234.794651875,203.0102915789474,229.89077478991598,200.40110574074077,219.82063050000008,227.1495646062992,-5.976072651895834,18.92005719236842,20.599787981481487,-9.96125116659575
20,3,MD,2400375.0,24.0,2013.0,213.32107791666667,229.00054500000002,195.16011499999996,219.66477874999998,205.1542582352941,207.36577499999999,221.58822083333334,-1.9068389586999999,27.457411318181823,20.019097652941173,-12.299005529166665
21,3,ME,2311361.7115384615,23.0,2013.0,213.13396778846143,178.24518,183.788805,218.7091016091953,,208.49199104651163,213.76077058252423,40.659286,22.5296095,,-9.977628082771085
22,3,MI,2619355.6440329216,26.0,2013.0,202.50389432098746,221.12705499999998,183.61707313725483,207.51820260465112,193.01204381578944,198.42383795045038,205.39849989270385,-6.511724418947369,19.87137828783516,14.244782951369864,-8.874217432014254
23,3,MN,2718187.2350993375,27.0,2013.0,215.06531970198677,214.35045741935485,196.60136256410252,217.84413872340426,195.20154769230766,213.1763786554622,219.1282954545453,12.138799921935483,29.485614613157885,28.0674765,-4.694482121887893
24,3,MO,2918729.4827586208,29.0,2013.0,210.17763082228106,225.36091266666668,198.83013296296303,216.2668295149254,200.3588285714286,205.4470847272728,211.7567677222221,-4.410508205333333,20.157793538000007,15.224271183095235,-10.966542654780877
25,3,MS,2802604.206896552,28.0,2013.0,193.8930672413793,233.22749000000005,186.14020516393447,198.78376503496506,190.822072,188.90756821428562,204.75911010204086,-17.842874039999998,18.23993163580246,18.94613544,-9.72400161107143
26,3,MT,3013022.2395833335,30.0,2013.0,209.2961406249999,196.7538,195.174545,211.70402444444446,192.10166,205.3142636363637,214.67228772151898,6.6075287,16.894661,23.848810666666665,-6.731206035936169
27,3,NC,3702454.2869565217,37.0,2013.0,207.81680191304326,223.16175384615383,193.12589988636364,210.9027143362831,195.2364277011494,204.65665938596484,216.8714202702703,-0.8304056723076928,23.716302668604655,22.727876886206904,-6.258731122212389
28,3,ND,3808432.1333333333,38.0,2013.0,210.5035688,210.55073666666667,198.070458,212.43505296296297,202.61210749999998,206.76075586206895,214.63952548387093,5.834116333333334,17.48487546,15.935489600000004,-5.144461211818181
29,3,NE,3137167.7434210526,31.0,2013.0,209.2439865789475,233.240825,194.96159285714288,213.63616038461538,194.60539454545457,206.23840135802467,213.41381977272724,-9.969940150000001,23.35421542857143,17.519237845454544,-5.693074995188404
30,3,NH,3304073.304347826,33.0,2013.0,222.1562149565218,214.73307,206.214505,226.21059848837206,204.9598775,217.81799797752805,222.3073045535714,1.0113169333333343,9.558616449999999,12.480846324999998,-7.873915486375002
31,3,NJ,3409457.984978541,34.0,2013.0,217.9434537553649,239.17505655172414,201.32490044247794,224.57638334939753,204.78710961111105,211.99243723716376,222.1218792924528,-12.760493092105266,15.448957447187503,13.583200302903228,-12.405863609277358
32,3,NM,3501362.96875,35.0,2013.0,191.22059750000005,219.31871,194.405095,197.20188183673474,189.31351716981132,187.17659196078432,208.0274245714286,-5.447632000000001,15.079877216666667,18.145577906249997,-9.340046739130434
33,3,NV,3200274.0,32.0,2013.0,199.53372866666666,214.90384,188.04528,201.49293076923075,190.54043599999994,193.36440076923074,204.59496384615383,1.66788485,28.5264435,18.087600600000002,-8.12852946923077
34,3,NY,3616494.890879479,36.0,2013.0,213.3265719543975,235.38526370967736,196.96016525773206,218.8102449718574,204.41943726618712,209.27826841603044,215.5873094387754,-7.388344830883335,19.895996114819276,17.139029638399997,-9.486401339936513
35,3,OH,3904989.943801653,39.0,2013.0,214.61371510743825,227.48050458333333,192.59690847826087,218.46739809440567,195.52442792452825,211.27200146086943,216.64334839732905,0.42543093291666806,23.86306832045455,18.788889754716976,-7.08021745498203
36,3,OK,4017634.810055866,40.0,2013.0,205.18437405027936,215.85525285714286,192.70673080000003,209.05308055045873,195.40027999999995,202.73738230769234,210.05025823770492,-1.1622554242857142,19.984819400000003,16.46863588934783,-6.738363454010206
37,3,OR,4106766.375886525,41.0,2013.0,201.11993177304964,204.198306,186.22417124999998,203.26559114035086,183.59255920634916,198.56957223214292,206.36500075757567,5.430093387,26.5110662875,25.065416418709688,-4.538353195971428
38,3,PA,4214602.056338028,42.0,2013.0,216.27753879275653,236.16576571428573,198.0350564583333,220.4897131600831,200.71747461538456,212.61961849372383,218.70676053061229,-5.717867183877551,18.77243697337079,19.28496561048051,-8.079171522074152
39,3,RI,4400612.5,44.0,2013.0,217.31074470588234,213.52576749999997,193.99832125,223.3260221212121,196.5522616666667,211.1907896969697,220.2260214705882,0.9372101249999992,17.375347143750002,16.630446133333333,-12.135232622121212
40,3,SC,4502365.308641976,45.0,2013.0,193.6992713580248,221.12641923076924,179.85942256410254,198.64337765432097,187.32243710526313,189.46558012500003,208.60594453333337,3.1124080461538477,28.824903676388892,28.32554349473685,-9.343770767662503
41,3,SD,4638218.074468086,46.0,2013.0,204.7896055319149,174.80363,181.59485,207.35800441860462,182.72946333333334,201.56656095238097,211.1675254666667,30.834152000000003,30.703246999999998,24.069534333333333,-5.648170017105263
42,3,TN,4702306.649253732,47.0,2013.0,206.61000343283592,228.72772866666668,193.5781712727273,210.97656765151515,193.64692702702706,202.47070340909102,209.856615,-5.282383281333334,20.371272105272727,21.522362062162156,-8.308902883435122
43,3,TX,4826491.741545894,48.0,2013.0,201.72802664251188,222.20782168831178,189.9821888020833,204.73700383333318,193.23754848076905,199.09581356600904,212.33165823338723,-2.430236200519481,23.02065040382514,17.67192364895419,-5.526839512151123
44,3,UT,4900603.641025641,49.0,2013.0,210.58746820512823,203.8378283333333,188.94138625,215.5201905263158,190.91986880000002,206.99095166666672,215.50985631578945,12.695255316666666,25.630840375,23.927367544000006,-8.555464438888887
45,3,VA,5102122.687022901,51.0,2013.0,213.6363005343512,229.6245795454546,199.9208443678162,216.8811587596899,206.27872041666672,210.48430415384618,220.9308341732283,-2.129479108181818,23.291967001204817,19.138293041666667,-6.370122570492189
46,3,VT,5006439.888888889,50.0,2013.0,217.36555949494945,,188.46011000000001,219.67561081081084,,211.3004372727272,217.2420736170214,,27.098328000000002,,-9.508836615000002
47,3,WA,5305060.068627451,53.0,2013.0,208.00917063725475,217.63839166666665,197.9322220689655,212.7714949079755,195.14064724137927,204.30029636363633,215.50121072289167,3.266900893809524,22.394671737931034,22.425124829411757,-8.342766885896102
48,3,WI,5508402.061333333,55.0,2013.0,211.81166706666684,206.3575296774193,191.465552,216.22582182130583,192.40673088888892,208.2251155852843,214.55877326923073,11.639864555741939,26.882299899666673,23.018562515555555,-7.857976065176558
49,3,WV,5400840.0,54.0,2013.0,201.01785109090915,234.197675,192.98890363636366,207.60426851851858,196.71402,194.99134763636363,201.27075072727274,-28.776062,11.77289510909091,11.51747125,-12.716405794444443
50,3,WY,5603592.595238095,56.0,2013.0,213.46847142857138,217.78952,195.52763000000002,216.730072368421,197.0226327272727,210.15334289473688,218.329407027027,-2.2918091,19.970078,18.23321677272727,-6.57672922473684
51,4,AK,200358.09677419355,2.0,2013.0,201.07424516129035,204.814866,207.84190666666666,200.73505,216.364368,198.0405184210526,224.35265,19.41665036,16.508351633333337,7.476830960000001,-4.190336354117647
52,4,AL,101699.48507462686,1.0,2013.0,215.3354968656717,243.0809811111111,200.8066346,219.5351528571428,204.14589815789478,210.86737330827086,228.01117112068974,3.6037478555555555,26.465227830487798,28.00321471351351,-8.567429768522734
53,4,AR,506845.5431034483,5.0,2013.0,215.88763181034466,248.99564833333332,202.94003508474577,225.1356732967032,211.93185709677417,207.48176507772024,220.46336657407403,-13.857282066666665,22.46838915,15.24484697419355,-16.793863941893495
54,4,AZ,404966.77142857143,4.0,2013.0,205.83097271428568,228.28504074074078,199.51271023809528,211.5903989999999,202.21817437499996,202.45508735537186,219.85808826086952,-1.2074539333333334,21.457746174975,16.899490356410258,-9.197010142820512
55,4,CA,621392.0069252078,6.0,2013.0,210.33832204986143,231.58080705673763,201.6280023563218,215.09712832247575,199.97965221402202,207.68738822764226,222.6361795802917,-5.149612761735849,21.12302804785276,20.796692291044096,-7.365933383531878
56,4,CO,804449.3865546219,8.0,2013.0,223.41697554621848,234.1173642105263,213.08175470588236,227.4834549450549,212.00198768115942,218.7643228571428,230.54582270000006,1.134205865789474,21.55175422941177,18.749858845000006,-9.04767814643678
57,4,CT,902736.1333333333,9.0,2013.0,233.88156213333335,246.0058534285714,209.85821709677418,235.93079411347534,214.33410108695654,232.35983598591548,237.6635206802721,-7.290114882857145,24.07639366333333,20.21058648913043,-3.3088220735071423
58,4,DC,1100030.0,11.0,2013.0,204.8,,196.73099,209.94562000000002,204.42105,199.76782,258.82248,,62.091492,54.401428,-10.177795
59,4,DE,1000796.6666666666,10.0,2013.0,223.00574,251.52811166666672,212.245885,225.66479666666672,214.47282999999996,220.59496733333333,232.57373466666667,-16.631085783333333,20.35929002857143,19.243325674999998,-5.069829291999999
60,4,FL,1201062.5857142857,12.0,2013.0,224.24732999999992,245.50456560000003,207.49397,226.5902555072464,219.7002186842105,221.92549739130433,230.5958661538462,-10.073685275999999,25.156355739024388,12.793710268027025,-4.664757994492755
61,4,GA,1302861.7932960894,13.0,2013.0,214.28980279329605,240.4705718181818,200.24551595890418,218.62861029239755,210.99928872093025,211.44356195402307,226.09243686746981,-5.402951942272727,25.288098824444443,18.091693419488372,-7.091756800678361
62,4,HI,1500030.0,15.0,2013.0,213.60001,210.4912,210.40662000000003,219.06779,214.07315,208.30794,231.41269,20.921494,21.006073,17.339539000000002,-10.759857
63,4,IA,1916391.8936877076,19.0,2013.0,224.15488710963461,226.84842181818178,194.19628785714283,227.01096221674888,202.78233586206898,222.0048776497698,226.22359904109584,5.7279635454545454,34.59719414285714,22.671856439285712,-5.226897713259461
64,4,ID,1601670.6785714286,16.0,2013.0,213.26711630952377,218.5448933333333,196.708525,217.2366109375,196.03161194444445,212.23495772727273,219.916822027027,7.124542233333334,31.280266,24.83324065882353,-4.0420646094127
65,4,IL,1721627.0634441087,17.0,2013.0,220.73361993957693,242.64837419354836,200.9615545967741,225.24760512059387,208.9049558100558,217.38904966666672,225.17031360330577,-5.197647333620968,25.420725542352937,19.615120286448427,-7.7236496581352965
66,4,IN,1806490.222614841,18.0,2013.0,224.69745081272075,233.8395223076923,209.5682443902439,229.0960846886447,212.77423959459458,221.2567370220588,226.6265969534051,3.2324406053846158,19.553153430769232,16.215615365555557,-7.778114194589553
67,4,KS,2007333.6587677726,20.0,2013.0,225.888054407583,,209.3161,227.3506554411765,211.90155620689654,223.09187943661968,227.50245082474254,,19.070038920000002,13.347322772857142,-3.5801534497599987
68,4,KY,2102958.7192982454,21.0,2013.0,221.05623362573098,231.05909200000002,200.37617468749994,223.4498174999999,213.8406760869565,219.04087017964065,222.46018313609466,-2.01275318,25.415853512499993,13.983608681739131,-4.508662982147239
69,4,LA,2200940.9305555555,22.0,2013.0,210.21317402777782,233.3906469230769,199.68663434782613,216.75768140845074,211.73999095238096,204.48021478873238,219.92635060606054,-9.227671638461539,18.085984766349206,10.257385949285714,-12.277466935211265
70,4,MA,2507241.8139534886,25.0,2013.0,235.05695333333327,252.16197659574462,217.20494647058823,243.1149576150627,213.8927703508772,226.84053644351462,236.83133338582687,-11.827622797446807,17.484109308823527,18.69556410385965,-16.304331741072655
71,4,MD,2400375.0,24.0,2013.0,224.42667208333333,244.29608916666666,205.695355,230.18563416666666,214.4908761111111,218.82923833333328,233.20578000000003,-6.3487115925,28.42419368181819,21.908303999999998,-11.356397695833335
72,4,ME,2311069.5412844038,23.0,2013.0,224.84852266055046,222.80022999999997,191.22922000000003,229.87318204545454,196.89561,219.7756674712644,224.91158377358494,9.4243011,32.81616733333333,35.328918,-10.180419904588232
73,4,MI,2619276.6107660457,26.0,2013.0,215.88877668737084,228.60554681818178,194.20880079207927,219.80361086651064,205.9924264473684,212.9894160770976,219.03096950323967,-1.8028480818181818,23.05718725111111,14.922616173972603,-6.630865769210516
74,4,MN,2718237.62541806,27.0,2013.0,225.49714197324414,227.42307833333336,204.82448368421055,229.23029987068972,206.66159779999998,222.27846908713693,228.98994235294114,10.319537368999999,31.716004960526323,27.182131344,-6.496968847886358
75,4,MO,2918930.279255319,29.0,2013.0,221.18733728723421,233.10526210526314,207.42569722222217,226.45977453531583,214.05213707317077,217.0807052592593,222.9762670277777,-1.7059245678947363,22.325431557,13.844873614634148,-9.333568857048784
76,4,MS,2802602.0833333335,28.0,2013.0,204.43746402777785,239.78214200000002,196.4317907936509,209.95274042553189,203.89359933333338,199.8220923741007,215.98509864583332,-17.2642211,17.83868258878049,16.137066686666667,-10.190244382391306
77,4,MT,3012297.3020833335,30.0,2013.0,220.5604945833334,219.82849,207.09665,221.98397076923078,208.66841999999997,216.07484912280717,225.43006682926833,3.9396972999999997,17.1609345,15.589164700000001,-6.706949142
78,4,NC,3702454.2869565217,37.0,2013.0,218.92038478260864,232.5587205555556,203.14160724137926,221.27121719298245,206.8328410714286,216.61604938596489,228.70725522522523,0.3409568944444443,25.358948712235296,22.474628460714285,-4.714327120212388
79,4,ND,3808693.088235294,38.0,2013.0,218.75353602941178,217.06085,208.06986,224.93313678571425,217.78537,219.5417439285714,224.26755745454543,10.683273199999999,18.543315874999998,10.3006136,-6.709253313791668
80,4,NE,3137828.0718954247,31.0,2013.0,220.8117931372548,228.52295999999998,207.26129500000002,222.92994578947378,205.50459304347834,218.31985627906977,224.7024368148149,1.8143641333333338,23.076027,16.333066745454545,-2.854688128550724
81,4,NH,3304083.0689655175,33.0,2013.0,232.31087741379318,220.47437,207.855035,236.34901755813945,210.84444666666664,228.87987620689665,232.46429034782616,6.620727725000001,16.2413175,16.601974333333334,-7.464778327625001
82,4,NJ,3409570.4577006507,34.0,2013.0,230.40038895878533,249.60916766666668,210.49261568965514,237.56000881642515,215.63069818181822,224.50395644927536,235.60009896634602,-10.549042299572651,19.356845646597943,16.53366854960265,-12.954283700776942
83,4,NM,3501342.923076923,35.0,2013.0,203.11813661538463,234.10105250000004,203.83182666666667,208.0082680434782,199.75297820000014,197.36281020833334,217.19374823529418,-5.9986649425,17.9620743,14.300236003333337,-11.003037088478258
84,4,NV,3200284.0,32.0,2013.0,210.49859866666668,223.71567,195.88353,214.77072307692308,203.022943,208.30057153846153,216.62716933333337,3.8147582950000003,31.646896499999997,17.3748962,-7.4815330924999985
85,4,NY,3616547.623987034,36.0,2013.0,223.5547406645055,249.0481351515151,209.0469361386139,229.54732710227265,214.29663563758382,219.98293762523184,225.76167834724566,-9.25391388240625,18.35038318292308,16.68175342521739,-9.505635026988163
86,4,OH,3904988.998349835,39.0,2013.0,225.8138546039602,240.9491357692308,207.9069062365591,229.03683967071072,210.5220822222222,222.74209706984664,227.28103836393962,-5.472551836923078,17.317447194367823,13.58713927487037,-6.265535207073683
87,4,OK,4017794.1788617885,40.0,2013.0,215.70555021680204,224.80716866666668,203.6682670833333,219.63120714953268,207.78853607843132,214.73424610619477,219.6981880722892,2.8657156053333335,18.65896123454546,14.762882159591838,-5.032362624374357
88,4,OR,4106902.5827338127,41.0,2013.0,213.8351315107914,220.94337299999998,195.6010236363636,216.3060043749999,195.95067730158735,211.02796342342347,219.25866496240602,6.8269561677,27.43020909090909,25.25514733492063,-4.9289423979339615
89,4,PA,4214637.187122736,42.0,2013.0,227.31454611670048,253.3141886666667,208.4162807608695,232.31828999999968,212.46763951219518,222.8814288075313,229.5076538854807,-10.704772295111116,19.81428874588235,19.059297034999993,-9.522077856970462
90,4,RI,4400612.5,44.0,2013.0,228.5000620588235,214.80754000000002,203.49595125,233.99021441176475,206.77794076923075,222.55430656250002,230.94690058823528,4.425160733333334,16.208238562500004,16.41654856153846,-11.496830900312501
91,4,SC,4502355.679012346,45.0,2013.0,205.89926358024695,230.5013953846154,191.26929974358978,212.07780787499996,198.39928078947372,200.6086011111111,221.49347273972603,3.047713103846154,28.797544537142855,28.20251501578947,-10.886880891375004
92,4,SD,4638035.5698924735,46.0,2013.0,216.1076622580645,,190.53703000000002,218.45280599999992,199.53787499999999,212.5949281632653,222.64099397435908,,37.325577,23.570991499999998,-6.624556446279071
93,4,TN,4702322.694029851,47.0,2013.0,218.1974190298507,242.46390692307693,203.80762288461545,222.22243946564873,207.34523666666658,214.78435000000005,221.87195932330837,-7.429364735384616,22.85694855686275,18.998526241666664,-7.325469503999996
94,4,TX,4826617.575757576,48.0,2013.0,212.69601158787907,235.40112115384605,200.61598949494953,214.5609020454546,203.0902615678776,210.63775871681418,223.561920125,-2.136950762564103,23.910834739735446,18.870141149378103,-3.9286463733865493
95,4,UT,4900603.641025641,49.0,2013.0,221.9006566666667,215.36663545454547,196.84997375,226.86642216216214,202.21238708333337,218.09122394736838,226.78101342105268,13.459368590909094,29.771205875,25.94733748333333,-8.927856046486486
96,4,VA,5102122.687022901,51.0,2013.0,223.9942107633589,238.56062439999997,208.1229203448276,227.52156584615383,216.5789204,220.90414635658917,232.43135984251958,2.73981938,25.968476401190486,19.615013409200003,-6.992591272421875
97,4,VT,5005512.042553191,50.0,2013.0,227.73227138297884,,193.09085,233.92692571428572,,222.20601108695647,228.94197977011498,,45.002853,,-11.621779651891892
98,4,WA,5305036.585858586,53.0,2013.0,218.5319146969696,231.87758125000005,211.65570599999998,227.18726076470583,207.43460911504422,211.7853413253013,224.94895301775156,1.0427539997500002,19.636225016000004,18.986875628080814,-14.706321000377363
99,4,WI,5508410.759259259,55.0,2013.0,223.08528423280418,220.31208785714284,201.21658193548382,226.77239104729745,202.47823152173916,220.3619839867108,225.54797120218555,9.893652785142859,27.86117653548387,24.83250022826087,-6.403268529587818
100,4,WV,5400840.0,54.0,2013.0,211.06391709090911,243.82841000000002,205.8451609090909,218.68538527272727,206.187795,203.56935363636367,211.34550981818182,-25.342484,9.565877672727272,13.9725037,-15.116031731999998
101,4,WY,5603482.833333333,56.0,2013.0,224.59942261904766,231.14213999999998,211.51788,229.50567054054054,213.16459700000001,219.28305944444446,228.04027567567564,-7.988601700000001,11.635651,15.021229439999999,-9.30551892885714
102,5,AK,200369.41379310345,2.0,2013.0,211.2622727586207,226.49316999999996,212.09639333333334,219.35335875,219.3805133333333,208.04227999999998,236.73071416666667,7.700378386,22.817179333333332,15.5330609,-13.709708000000001
103,5,AL,101699.48507462686,1.0,2013.0,224.2098223134328,257.442115,209.85452298076922,229.4201721052632,216.7549588095238,219.2194576865672,237.73667756521732,-3.74631876275,27.247058098705892,25.46473283414634,-9.93532374509774
104,5,AR,506804.2832618026,5.0,2013.0,227.27201412017152,244.1527675,211.44357016129027,237.46081958549237,222.83342941176466,218.73774550264545,232.12032787735836,0.1804447924999999,21.3278194877551,14.57043991852941,-18.221277323005683
105,5,AZ,404879.7083333333,4.0,2013.0,217.66586243055556,240.68460880000006,214.40593177777777,223.56329129032264,214.56032466019417,213.69018428571425,231.24873877777767,-2.7691888263999997,17.6912050744186,14.011395395769231,-9.408368419579832
106,5,CA,621598.132780083,6.0,2013.0,223.12215012448132,243.17677038732393,214.65690569832407,228.50417359805508,212.82560966911765,219.2805192160002,235.35917974591635,-4.75018470608736,20.135713409248552,20.4780757779487,-9.185906626020001
107,5,CO,804485.0593220339,8.0,2013.0,233.07083338983057,245.50579499999992,227.471495,237.6187024731183,223.08083140845065,228.43701447916672,239.2173375247525,1.372930728333333,17.23921388125,16.488916375,-8.93594876516854
108,5,CT,902696.357615894,9.0,2013.0,245.0777305960265,256.15650225806445,222.68716970588235,247.52129102189775,227.2673763461539,242.29541624113475,248.5251097945206,-6.110024085833333,21.262958600000005,18.78886953137255,-5.252630507119256
109,5,DC,1100030.0,11.0,2013.0,215.3,229.19331,207.14551,221.85072000000002,220.44046,208.87022,265.39423,36.200912,58.248718000000004,44.953765999999995,-12.980499
110,5,DE,1000763.75,10.0,2013.0,231.92707437499996,253.1024675,218.74949187500002,235.99730999999997,227.67890416666663,228.187355625,241.885044375,-8.9085272025,23.135552243750002,16.812633358333333,-7.809952762500001
111,5,FL,1201062.5857142857,12.0,2013.0,234.15789071428574,255.49764041666666,218.36036065217388,236.7181040579711,228.0773311904762,232.14604855072466,241.25274381818187,-9.235577883333335,24.541360318181827,15.510168265365856,-4.572055765217393
112,5,GA,1302861.7932960894,13.0,2013.0,225.1751249720671,247.95098736842107,212.67674657718118,228.81435664739882,221.92625463414635,222.93316471590896,236.19337620481926,-2.901135915789473,22.753185193430667,17.955543128048774,-5.684487318493645
113,5,HI,1500030.0,15.0,2013.0,224.925,221.36285,226.86223999999999,230.20581,222.22766000000001,219.8746,246.09627000000003,24.733414,19.234023999999998,23.868607,-10.331207000000001
114,5,IA,1916360.0,19.0,2013.0,235.04702484641652,231.904781,205.08408533333338,237.82145530516425,219.9978351851852,233.58785681614356,237.14785681506837,11.14893328,32.914745,18.251323969230768,-4.1811891741212115
115,5,ID,1601670.5542168675,16.0,2013.0,227.3304568674699,244.047425,211.11643999999998,231.32776130434777,209.51809891891892,225.48166923076923,233.42437608108108,-6.097099050000001,24.87619,25.638173276470592,-6.372757420748906
116,5,IL,1721660.620328849,17.0,2013.0,232.56425907324342,253.7433587142858,213.56200804878043,237.1594741020795,220.55473856353572,229.9585741035121,236.62939512155583,-4.561902020000002,25.126274219540228,18.83484689328394,-7.081876571007369
117,5,IN,1806507.8350877194,18.0,2013.0,235.3188560701755,256.27022285714287,220.02407977777773,240.41306358695658,224.4345127027027,230.38554365942036,237.09808173144864,-9.86728567857143,18.47820407209302,15.073981714520546,-10.023275855589219
118,5,KS,2007482.358139535,20.0,2013.0,234.77966274418594,251.15854285714286,217.85244928571427,236.0030624242423,223.239941,232.37844541666664,236.36388845771165,-5.2684479,20.30912552142857,13.377048393103449,-3.4392846238833314
119,5,KY,2102927.8421052634,21.0,2013.0,232.28154116959067,255.24843249999998,217.8342531034483,233.65038060975618,224.35291350000003,230.555655925926,233.9537766071428,-12.823353,20.614396143448275,15.303420990000001,-3.0626922188819883
120,5,LA,2200940.486111111,22.0,2013.0,220.23258361111118,244.43263916666663,207.92369205882346,225.3129638028169,219.84476523809528,215.63713873239433,231.11115818181818,-6.2619349500000006,22.038729553225807,13.648887297000003,-9.67582469125352
121,5,MA,2507210.8832684825,25.0,2013.0,246.26259498054472,263.3393960000001,226.23052967741936,252.0353272314051,222.6042861111111,240.55710702928883,247.76402339920938,-11.1665924188,18.131174912903226,19.37578730351851,-11.326173072219413
122,5,MD,2400375.0,24.0,2013.0,235.61817375,256.1593509999999,217.85447000000005,241.93644333333324,228.32522277777778,229.88745624999993,245.26696125,-5.031838998,27.974941869565214,20.615452416666667,-12.048986454166666
123,5,ME,2311178.287037037,23.0,2013.0,235.51613740740743,234.70852999999997,203.59077333333335,240.6843394318182,,229.87463230769237,235.7043855555556,16.031494,35.978200333333334,,-10.9241175175
124,5,MI,2619344.588594705,26.0,2013.0,227.89888207739293,247.29687190476193,209.4019982242991,233.04117865429245,217.08316828947366,223.78837817155733,231.00024000000002,-8.686119416190476,19.3609075067579,14.501824887297301,-9.187260754584322
125,5,MN,2718704.0635451507,27.0,2013.0,235.95611859531778,236.90416133333338,215.949095,239.5928023788546,217.42819958333334,233.44745082987552,239.95365971929843,12.628177980466667,31.346735526315786,28.775304485416665,-6.0880373513698665
126,5,MO,2918751.002673797,29.0,2013.0,232.21699352941178,246.74846923076922,217.26703897959186,235.60900294776124,223.04408358974362,228.26611527675283,234.32600069252098,-2.6813694800000007,23.510624841999995,15.148882707692309,-7.514458276782604
127,5,MS,2802619.5833333335,28.0,2013.0,214.8184223611112,250.9484233333333,206.933591328125,220.30587678571436,216.8149030769231,209.92354345323736,227.4436907142858,-13.819971833333332,19.02595643809524,16.258218166666662,-10.7091032180292
128,5,MT,3012737.8333333335,30.0,2013.0,233.25939598039216,,215.976635,236.3521573214285,218.72583,228.90272877192982,237.63473222222223,,21.1277005,18.3785095,-6.98667109388
129,5,NC,3702454.2869565217,37.0,2013.0,228.87810582608702,242.74576933333336,211.80124602272718,231.50632955752212,217.6090450000001,226.20766756521746,238.7617994642856,0.033094228666666815,26.80303917325581,21.786749803658537,-5.393031034840707
130,5,ND,3808230.1756756757,38.0,2013.0,230.36047797297303,228.42583,217.81022,235.73338576923075,223.5452,228.28267,234.2200240625,13.68399,21.292438575000002,14.705272749999999,-8.679412894999999
131,5,NE,3138562.3933333335,31.0,2013.0,230.92545453333335,261.965965,219.72040142857145,235.78612814814812,216.5036865217391,228.90690418604657,235.0043342537312,-11.7478869,23.021591,21.625108830434783,-5.280032065416665
132,5,NH,3304090.3898305083,33.0,2013.0,244.6313424576272,232.65596499999998,217.42904,249.66131375000003,213.29422,237.72074687499992,244.6561187068965,5.4041482499999995,13.894638,18.0294575,-12.600424530630587
133,5,NJ,3409583.183982684,34.0,2013.0,242.0920563852813,262.22162782608694,223.48544912280693,249.21071766331656,229.0401230769232,236.69248745145623,246.41433833734962,-11.982550057589282,16.278403151770835,13.035672974394894,-12.890272602753244
134,5,NM,3501358.484848485,35.0,2013.0,214.96782878787883,238.57628,218.06581714285716,221.24027979591838,212.34518830188676,208.9721212,230.44784486486486,-0.23078409999999985,15.480527585714286,17.114943069696974,-11.887720129166667
135,5,NV,3200284.0,32.0,2013.0,223.95226399999999,234.28009500000002,209.152465,228.92884538461539,213.9486775,220.28260538461544,233.37133785714283,7.0986784,32.226310999999995,19.789118499999997,-8.646239015384616
136,5,NY,3616561.342995169,36.0,2013.0,233.53849660225464,259.17209484848485,218.5160582242991,238.32137744360904,227.44544179104477,229.89223104562745,235.5183991610737,-10.863349783846152,18.242918485773195,14.321686164435485,-8.610713617836323
137,5,OH,3904989.1353135314,39.0,2013.0,236.51742648514846,249.4540247826087,216.06958670000006,239.8108061764706,221.67802359999993,233.32978476923086,238.39011063333328,-1.675442903478261,20.784059671157898,14.911403792000002,-6.259525716375444
138,5,OK,4017636.0166666666,40.0,2013.0,226.48263083333336,237.67311071428568,216.76833740740742,229.7816117117115,218.47751159090913,223.00982854625556,230.2246866666666,2.066253721428572,17.709521549999998,17.55269008536585,-6.100761601078818
139,5,OR,4106810.4068965516,41.0,2013.0,225.1605552413793,232.19966384615384,213.05955818181818,228.15577931034483,210.90346406250003,223.61935872881372,229.29982015267177,6.249382511538462,21.4850381,21.685308362903232,-4.008630584207209
140,5,PA,4214614.421686747,42.0,2013.0,238.80830889558248,259.1449532608695,221.04849579999998,243.6738970020963,224.92817610389608,234.39155831275733,241.29596402862992,-5.73826167726087,19.258720602173916,17.87800798961038,-9.080666680169134
141,5,RI,4400612.5,44.0,2013.0,238.6491988235294,238.749445,221.5080025,245.036376875,218.0272792307692,232.85632848484852,241.14762882352935,-5.377887642499999,9.62038612,15.569643551538464,-12.315609325806452
142,5,SC,4502363.536585365,45.0,2013.0,218.3848153658537,259.27915083333335,204.56966212499998,223.29124585365864,217.20047378378376,213.38516743902443,231.19617527027017,-16.092871408333334,25.448070944305556,18.2627869,-9.90607919695122
143,5,SD,4637933.247191011,46.0,2013.0,229.58698168539325,,203.69748,231.97827680000003,216.443845,225.91773090909092,235.03169957746482,,35.539093,17.464080850000002,-6.54603358095238
144,5,TN,4702315.785185185,47.0,2013.0,228.8947648888888,249.04786200000004,217.42571039999996,233.89125893939394,220.57248294117647,223.8705366923077,231.88305798507457,-4.695091295999999,19.722542934693877,15.774139318823526,-10.059502435193803
145,5,TX,4826448.509025271,48.0,2013.0,224.41391033694345,247.03679118421041,213.01538152284277,226.63243722139688,215.95881295499015,221.93696875730976,233.8136633018868,-3.605689494000001,21.994745045675668,17.20539749374633,-4.75853276940248
146,5,UT,4900603.641025641,49.0,2013.0,234.88252307692304,227.351292,212.59262800000002,239.79487944444443,213.53509560000003,230.58275999999998,240.24637763157892,11.461375519999999,25.3877715,26.738413748,-9.21211966038889
147,5,VA,5102122.687022901,51.0,2013.0,233.11182572519076,249.06486608695653,217.83377322222213,235.81992539062497,227.60515280000007,230.39895030769233,240.68665425196858,-0.36790324652173917,24.287403574418605,17.998793035539997,-5.405517336015627
148,5,VT,5006656.294736842,50.0,2013.0,237.61665105263154,,220.15756000000002,245.4525297560975,,232.50699214285726,238.43961233333337,,32.605209,,-14.127420416857143
149,5,WA,5305093.101010101,53.0,2013.0,230.29895282828295,248.23768540540536,221.8362991666667,235.1362558333334,219.72108787610625,227.86708885057448,237.37642209302328,-2.4196669670270277,23.15969282083334,20.14971057616162,-6.33608571383951
150,5,WI,5508382.737532808,55.0,2013.0,234.55115797900254,230.98338645161292,214.38182066666664,238.04875527027025,215.03590880952385,232.24901724590177,236.97037108401054,10.68529047096774,27.63132631683667,23.18323991904762,-5.332749522541518
151,5,WV,5400840.0,54.0,2013.0,221.90913727272718,239.74228333333335,216.4196546153846,228.5534503636364,213.89443,215.51445327272728,222.20819727272726,-13.240076633333336,10.271018307692307,15.569168000000001,-13.038996412909091
152,5,WY,5603473.547619048,56.0,2013.0,236.45605571428578,,209.32969000000003,237.98254722222222,221.5732009090909,235.09764485714285,240.24111135135132,,29.1595155,15.530358018181817,-4.231190699249999
153,6,AK,200334.92307692306,2.0,2013.0,224.18547269230774,233.93008333333333,226.76811666666666,227.06689684210525,239.46194,216.01373444444445,248.62743454545452,16.466102533333334,22.089859,10.864975080000002,-11.517650222222223
154,6,AL,101699.48507462686,1.0,2013.0,235.6612997761194,266.38078624999997,221.56851548076926,240.84791593984966,227.39449783783778,230.86333679104467,248.07591921739126,-2.4357300125000014,26.290439205882354,21.624847450000004,-9.817990170526315
155,6,AR,506819.8553191489,5.0,2013.0,238.22089268085097,265.8255733333333,221.5334203174602,247.0005854210526,230.01167310344826,230.26228814999996,242.85437324074084,-10.337316033333334,24.636390381249992,20.058757882758616,-16.821102759782608
156,6,AZ,404879.7042253521,4.0,2013.0,230.20743760563386,251.02041851851848,223.49345190476197,237.5210453278689,226.7871402999999,226.36792355371895,242.8918822105262,-3.4837092240740737,18.8196994845,14.730381974999997,-11.360275392288141
157,6,CA,621631.3351877608,6.0,2013.0,235.6965708344924,255.44997122807024,226.4964167195766,239.70964494363932,226.26233281021908,232.84915618210874,246.90527663619744,-5.6232353418592655,19.942273237488898,18.793494295891943,-6.602652902697674
158,6,CO,804516.7786885246,8.0,2013.0,245.14535483606545,252.57327684210523,,251.0302702197802,232.76379507462687,238.80805769230759,252.13842592233016,2.7812194636842107,,18.303059943166673,-11.460118682558141
159,6,CT,902696.6666666666,9.0,2013.0,256.3624739102563,269.71777034482756,231.95031387096776,259.52969908450706,237.12384352941183,252.2764685915493,260.1077324,-7.90164563642857,23.513917593103443,19.085260412500006,-7.177270473669066
160,6,DC,1100030.0,11.0,2013.0,225.8,248.17879,220.19804,233.14248999999998,227.82113999999999,218.1496,276.59047999999996,28.411696999999997,56.392441000000005,48.769348,-14.992889000000002
161,6,DE,1000763.75,10.0,2013.0,242.44891625000002,268.191765,228.620968,244.75111437500004,236.15137181818184,240.62664733333338,251.562831875,-9.57016756,23.160241666666664,16.942896027272727,-3.8448527253333338
162,6,FL,1201063.5970149254,12.0,2013.0,244.4171804477612,266.13678159999995,227.55623622222225,248.0039839393939,239.81681600000007,240.82217584615387,250.67252961538463,-10.985937486239997,24.051349793023256,12.361441974358973,-7.157731744184614
163,6,GA,1302867.3651685393,13.0,2013.0,235.7535237640449,258.6606835,222.85509358620692,241.0436682658961,233.2504344705881,231.8086463793102,247.63775169696967,-3.5654891834999995,24.246260998560615,16.944454029882344,-9.214741450732557
164,6,HI,1500030.0,15.0,2013.0,236.25,233.16466,240.65832999999998,241.67232,237.98917999999998,230.72849,253.40502999999998,20.240372,12.746704,15.415848,-10.943832
165,6,IA,1916577.4161073826,19.0,2013.0,247.11485385906042,251.69485600000002,219.03571642857145,248.9292094312797,229.4717609677419,245.38065013100447,248.79498144827588,3.3273148750000003,32.18209628571428,20.439829040000003,-3.332990610484183
166,6,ID,1601703.7738095238,16.0,2013.0,240.52820797619046,244.078728,220.57218999999998,244.53100149253729,223.8753534285714,239.14959223880598,246.32278662162173,4.884609976,25.075279000000002,22.45638652,-5.5960140365625
167,6,IL,1721535.7085798816,17.0,2013.0,242.86805840236718,267.7782540983607,224.86489160305345,249.10648873584913,233.074862977528,238.6606990607733,246.6050630856222,-7.2896881073770485,23.916744902150533,17.63608571183544,-10.438701557277774
168,6,IN,1806528.8485915493,18.0,2013.0,245.89490915492948,259.316234,230.09045272727272,252.00377145454553,236.08080328947375,240.31870553113572,247.59227088652483,-3.300693799999999,19.322851304761905,12.724902939333338,-11.617387573669143
169,6,KS,2007430.9452054794,20.0,2013.0,246.86547680365285,252.05208333333337,229.30669799999998,249.02912342857147,236.51716906250002,244.30208907801418,248.95444142156845,1.9449947166666666,18.768494764285716,13.56329185517241,-5.294161445495936
170,6,KY,2102958.7192982454,21.0,2013.0,244.8862770760233,254.2099916666667,228.56626124999997,249.26805787499993,238.09931894736843,241.26416055214708,246.3856265680475,-0.6756336833333337,18.965354409375003,11.377487926315789,-8.276433926797472
171,6,LA,2200928.3561643837,22.0,2013.0,231.87114328767123,256.51732363636364,220.94810728571431,237.87400943661973,229.47005391304347,225.35088614285712,243.4102790909091,-8.563978718181817,20.29475910952382,18.108797173913043,-12.703811404285716
172,6,MA,2507160.2217898834,25.0,2013.0,258.4885030350195,272.36108953488366,236.03849714285715,265.34822326271194,234.28299339622635,251.347415909091,260.4365752173913,-9.361471480930232,16.83914886285714,19.824315537735853,-14.10614007038298
173,6,MD,2400361.08,24.0,2013.0,246.02188040000004,267.42863,228.6074533333333,252.04064799999998,238.30900894736843,240.5327964,256.06417375,-8.30719128,27.400818608695655,19.55852705263158,-11.507852191999998
174,6,ME,2311254.9056603773,23.0,2013.0,245.56397830188672,239.98795,213.028355,252.97802620689654,232.39479,239.59444699999995,246.17986122641506,22.588959,31.577956999999998,30.182114000000002,-12.720417195595243
175,6,MI,2619262.5522088353,26.0,2013.0,240.160297751004,259.789482,222.16923027777787,244.07739152073714,230.72969354430387,236.71867055679294,243.18919049462383,-8.7239819324,20.058610448936168,13.317358732763159,-7.372054226322929
176,6,MN,2718105.3691275166,27.0,2013.0,247.4685633221476,249.5261063636364,226.75771578947368,251.4217018502204,228.73499215686275,244.2733249794238,250.84168351916395,8.385813862727275,30.932644526315787,26.561455576470593,-6.884668720028032
177,6,MO,2918853.4390862943,29.0,2013.0,244.06159233502547,255.302165,227.8108976785714,248.77280223443233,235.13510051282051,239.48681287234055,245.56711892105272,-0.27961256750000035,22.570429588461536,14.214951760526318,-9.259696207221657
178,6,MS,2802597.7083333335,28.0,2013.0,227.6134092361111,257.84066199999995,219.71657984615382,233.6703240875912,230.10214333333332,222.35899807142857,240.04277765306117,-12.45906368,19.44921824022989,12.693630196666668,-11.56108055399265
179,6,MT,3012792.744680851,30.0,2013.0,242.52514021276593,254.94759,239.721235,246.66854600000002,236.82251499999998,238.97043018518514,248.2687076923076,-5.1049347,10.99087535,13.889595250000001,-7.8405123718772725
180,6,NC,3702454.2869565217,37.0,2013.0,239.9303245217391,250.78746875,224.86540685393257,243.42438973913053,230.91678050000002,236.5397598260869,249.0495150000001,1.2008991,24.41435918953489,18.793585017500003,-6.884629360782608
181,6,ND,3807914.088235294,38.0,2013.0,243.0397913235294,258.39664,225.56304,245.88286966666664,224.16621,235.1617624137931,247.63153518518507,-11.460464,20.241409063333336,18.889515000000003,-7.070886362608697
182,6,NE,3137171.993670886,31.0,2013.0,243.22300664556968,256.827515,231.23796142857145,246.46686216867482,228.08554727272724,240.7817383950617,246.8718656521739,0.5358123500000005,23.89695742857143,20.085896093333336,-5.6604803927272735
183,6,NH,3304088.8141592923,33.0,2013.0,253.30615681415924,249.69518666666667,237.83933000000002,259.93089023809523,234.0596275,245.87763233333328,253.5612679464286,-4.883880376666666,6.97197477,13.825752225,-13.348658214499995
184,6,NJ,3409526.140997831,34.0,2013.0,255.3597275704992,273.6275210377359,235.3692471304348,259.5810022141121,239.93290733727815,251.1823216666665,259.75008558472547,-11.80360790095238,17.85343258263158,14.481485188244903,-8.456580134417086
185,6,NM,3501366.417910448,35.0,2013.0,228.6348795522388,256.8635825,222.59636999999998,234.14842039999996,226.48858615384611,222.51693408163263,241.10401305555555,-8.9148253525,22.529307,15.308028326470591,-10.758800382553195
186,6,NV,3200284.0,32.0,2013.0,236.10833599999998,255.34620999999999,226.484575,241.52655384615383,229.349523,229.51689153846155,241.97873071428572,-1.824409495,27.0372315,14.899726809999999,-12.00966343846154
187,6,NY,3616736.3661290323,36.0,2013.0,248.36440427419365,273.3498584848484,232.0459658000001,254.01477572232653,238.3164986466165,244.09631911439092,250.6150580762855,-10.611340383384613,19.4312909326087,16.159660934444442,-9.783338891352138
188,6,OH,3904989.1353135314,39.0,2013.0,247.48601026402633,266.5263473913043,227.13570833333335,252.0127751020409,232.52366666666663,243.3736675423725,249.4256734003348,-7.390587897826089,20.80297524032258,15.044387145833333,-8.72070071779102
189,6,OK,4017848.3602484474,40.0,2013.0,236.91783953416154,247.87886444444445,,240.38003120879125,,235.4911484615383,241.73654700483078,0.3025258444444445,,,-4.987585764749999
190,6,OR,4106861.2430555555,41.0,2013.0,239.2301424305556,245.96893142857138,223.48099727272728,241.32662818965508,224.8241907142857,236.938061983471,243.49145242647063,4.183276538571428,24.88152387272727,21.755969746376806,-4.209656978377193
191,6,PA,4214604.206060606,42.0,2013.0,250.24515254545497,276.4190316666667,233.60934161616166,256.69899082474217,235.87477359999994,244.57414867219902,252.37071158110862,-13.455792689583333,17.203974537499995,17.41820652135135,-12.239790086708592
192,6,RI,4400618.333333333,44.0,2013.0,249.9887021212121,253.496545,233.49499500000002,257.60443903225814,232.5560742857143,241.12569937500004,252.01955515151514,-5.168861325,8.315448725000001,11.14580307,-16.18744483870968
193,6,SC,4502335.096385542,45.0,2013.0,231.526301566265,259.26855,217.80210231707315,235.94591731707308,226.79428545454542,227.4369165853659,245.92517055555558,-6.308262750000002,26.93142183098592,21.382395884848478,-8.509000842585367
194,6,SD,4637524.8125,46.0,2013.0,241.20708156250006,,227.2616,243.3832777272727,225.951335,236.3518428888889,245.91130973684213,,26.882187,21.992104,-5.345456955027027
195,6,TN,4702316.143939394,47.0,2013.0,240.95051499999988,257.54949999999997,227.67112870370363,245.87226061538453,233.39196999999993,236.24390769230772,243.8741252671755,-3.1006576599000004,19.22021800377359,15.226816546941176,-9.628353069076923
196,6,TX,4826564.223404256,48.0,2013.0,237.80201825059103,262.7863866233767,226.37268242574274,239.70208017777773,229.0781469481767,235.24371394202905,247.05882621745792,-6.3465064975324665,21.916571486839384,17.250565461328346,-4.642817729649531
197,6,UT,4900603.641025641,49.0,2013.0,246.27521717948716,240.35307999999998,222.24181374999995,250.35544944444447,223.8197138461539,243.25208297297294,251.54378657894742,10.405727416666666,27.672143874999996,27.32249092307692,-7.658279858055557
198,6,VA,5102122.687022901,51.0,2013.0,242.4844801526717,258.52815333333325,227.68404932584272,245.9791816030534,234.91274782608699,239.06295091603062,249.73324953125012,-0.8379459870833331,23.425073710930246,19.449782039347827,-6.9162307494656465
199,6,VT,5006473.589473684,50.0,2013.0,249.73334642105266,,211.77934,257.01748051282055,,243.34759645833344,249.79639967032966,,40.958405,,-13.180459982857142
200,6,WA,5305045.243781094,53.0,2013.0,243.13230333333354,258.55089000000004,234.10369599999999,249.15762084337368,233.16720380530975,238.3630623076923,248.8842647428572,-3.4300625345883726,20.72582332,17.40837970366336,-10.187578697133752
201,6,WI,5508456.709762533,55.0,2013.0,246.74028242744066,240.67800225806457,225.27302285714285,250.09027786440674,224.87947219512193,244.8470915384615,249.13379883152157,12.141122022580646,26.8705532,24.79522336341464,-5.176866163769785
202,6,WV,5400834.125,54.0,2013.0,231.0599842857144,272.82332,224.98696727272727,240.60374127272726,237.52758,223.70932781818183,231.21468767857147,-30.7670895,10.919204670909092,5.9228135150000005,-16.894413874727274
203,6,WY,5603534.395348838,56.0,2013.0,247.34145255813948,,223.80275,251.5756408108108,237.72596909090908,244.4037957142857,251.5602597297297,,23.4690935,11.887334590909092,-8.62930339085294
204,7,AK,200371.7741935484,2.0,2013.0,240.1601312903226,249.35381833333335,235.20430333333334,245.24051055555557,243.43233,238.53210263157894,264.03110909090907,14.482404083333334,25.91205366666667,20.3513122,-9.358087923529412
205,7,AL,101699.48507462686,1.0,2013.0,245.0426056716419,277.41095,229.8073467307693,250.73021556390975,238.73623081081078,239.25558571428581,258.2090607826087,-8.345813060000001,27.9355903317647,22.63400436666666,-11.47462990601504
206,7,AR,506785.5236051502,5.0,2013.0,247.43410090128745,279.306242,233.27316843749995,259.03903835051545,247.2672379310345,238.5314206862743,251.87797394366208,-16.33546462,19.305745166666664,12.33121886051724,-20.632811901648335
207,7,AZ,404895.3758865248,4.0,2013.0,242.09113312056738,264.84566043478253,238.74281155555553,247.27571658536576,238.10721077669902,238.01864768000004,254.49838583333326,-3.2500915347826087,16.803460186363637,15.660633149277105,-9.411536675999999
208,7,CA,621598.3688760807,6.0,2013.0,248.8618174351586,268.2841211032028,238.4436752173914,253.73663527687285,239.1676179664179,244.75021775080916,259.00508495183044,-7.280067207770675,18.695176052023122,17.833854841904866,-8.60147167254621
209,7,CO,804474.2113821139,8.0,2013.0,256.6479133333333,263.8210133333333,245.69974600000006,262.87446068181816,244.97718261538466,251.55453153846156,264.1409088000001,4.257182661111112,21.044100959999998,18.98721633157895,-11.683672315000003
210,7,CT,902737.8472222222,9.0,2013.0,266.83392659722233,283.10473454545445,243.03126531250004,270.95172731343274,245.46348702127656,262.82243201492537,270.72505107142865,-10.158332318749999,21.534590116666664,20.094291446444444,-8.02420159223077
211,7,DC,1100030.0,11.0,2013.0,236.3,277.88794,230.79645,243.15797,240.45479,229.67244,304.55962999999997,26.671691999999997,73.763184,64.104843,-13.485535
212,7,DE,1000763.75,10.0,2013.0,253.423310625,281.34220200000004,239.93815187500002,256.47079562500005,247.45047399999999,250.45851125000002,261.52681500000006,-17.31706232,21.588662125000003,16.25877993,-6.0122842756249995
213,7,FL,1201055.3768115942,12.0,2013.0,254.0469804347826,274.63540615384613,240.25870541666666,257.3967277941178,250.00452390243902,250.51667910447773,261.2172124561403,-10.28717976923077,21.67264161333334,12.680649905000003,-6.713148645454547
214,7,GA,1302871.9719101123,13.0,2013.0,247.65671112359547,270.05396761904757,236.1979203378378,253.07258780346817,243.94111078947375,243.15439277456653,256.57050006060604,-5.63823593,20.04522033970588,14.924313617894738,-9.878602146842104
215,7,HI,1500030.0,15.0,2013.0,247.575,244.42126000000002,248.24255,253.46724,248.0013,242.03654,265.91907000000003,21.497803,17.676514,17.91777,-11.430695
216,7,IA,1916600.0273972603,19.0,2013.0,256.99491613013697,262.14182538461534,232.79838166666664,258.0994641203704,241.6560033333333,257.2435516157203,258.60661756944455,2.815718378461539,27.651882099999998,16.545442069354838,-0.5951866242404997
217,7,ID,1601672.8275862068,16.0,2013.0,253.23194459770113,268.38037333333335,228.471095,256.12951772727274,236.67090342105263,252.14091940298493,258.5474792105262,-6.480316066666667,34.7376325,22.048540705405404,-3.5205464743548394
218,7,IL,1721620.7358208955,17.0,2013.0,254.5862523432838,278.1578895454545,236.77252044776117,260.2210140520447,246.10319084745768,250.67627443413716,257.9509405186384,-7.217615146333334,22.870254690309284,14.593952980031654,-9.129784595356371
219,7,IN,1806532.2014134275,18.0,2013.0,256.0660618374559,266.18314411764703,239.7383176744185,261.9130013382899,247.17615275362328,251.25150680297395,257.80227853571444,1.6409597774117641,19.48460892380952,12.433902301617648,-10.771846366892325
220,7,KS,2007421.438914027,20.0,2013.0,255.33148303167417,,239.8599092857143,258.85118993006995,247.4872680645161,253.83277713375813,257.5693533809524,,20.056571878571425,13.617445371034481,-5.1944277341044796
221,7,KY,2102944.005882353,21.0,2013.0,255.8265211764707,258.683982,238.38853562499997,259.7939016049383,248.09321916666667,252.22662562500008,257.4644646428573,4.45927436,21.953705821875,17.759110858333333,-7.163003460569621
222,7,LA,2200928.3561643837,22.0,2013.0,243.7175086301369,268.89051200000006,233.5768632857142,249.87852042253522,243.08476578947366,238.6811910000001,254.51963575757574,-11.90349732,19.22520252539682,13.435424773684213,-11.556509349285715
223,7,MA,2507159.4549356224,25.0,2013.0,268.0724506437769,284.92587355555554,247.56438999999997,276.1774504824561,247.6778182692308,259.94730620087347,269.9881506034482,-9.120365412888885,18.48662730714286,17.482991987307688,-16.30053337671052
224,7,MD,2400361.08,24.0,2013.0,256.4212624,282.12661499999996,241.88492458333334,260.92492359999994,250.5937794444444,252.0232952,265.45304375000006,-11.618746475,23.47311665652174,18.042955249999995,-8.901628372
225,7,ME,2311214.1559633026,23.0,2013.0,258.28628302752287,251.91478999999998,225.07421666666667,266.60528393258426,264.75347999999997,250.8184567032967,258.98235093457953,21.638306,30.484532666666667,8.7996216,-15.948111900459764
226,7,MI,2619156.2580645164,26.0,2013.0,252.01032050403214,270.59142875,233.3528273451327,255.96481559550574,241.37013864197533,248.83367938461546,255.25564895966016,-5.6790129262499995,20.34136205262626,15.050116310384619,-6.917621437694253
227,7,MN,2718340.966442953,27.0,2013.0,255.74353087248326,258.4545712903226,238.35308588235296,260.33294995633184,242.08555591836736,253.55714232365168,259.2611844055944,11.366155421000002,29.725970606060606,25.758172354166675,-6.73661754100922
228,7,MO,2918556.0817941953,29.0,2013.0,255.05588535620058,269.1841646666667,240.37813410714287,262.4364625912408,250.93844771428573,247.96801810344823,256.64855205479466,-3.3513203673333334,20.583068588,9.64791568857143,-14.29812028813229
229,7,MS,2802619.375,28.0,2013.0,238.36210180555565,274.0176475,231.29235546153848,243.95781788732393,235.07123666666666,233.44389906474828,249.19436909999985,-16.1725578,17.230398274022985,18.704097875000002,-10.791467195217393
230,7,MT,3012761.6224489794,30.0,2013.0,256.8078454081632,,248.44336,263.80436320754717,243.29074000000003,252.34825472727263,261.08426749999995,,13.4932405,22.326866,-11.965867647916673
231,7,NC,3702454.2869565217,37.0,2013.0,249.97360417391306,259.50814562500005,233.85812955555556,253.0205239473684,242.5426444155844,247.0306353097345,259.2035286607143,0.888175966875,24.89556437727273,17.38251443636364,-6.018835428495571
232,7,ND,3808999.6714285715,38.0,2013.0,253.78673571428578,257.09055,237.10424,257.4051044444444,236.937225,249.709634375,258.63787035714284,0.07971191400000001,21.43746175,18.81433105,-7.604236776086958
233,7,NE,3136816.798780488,31.0,2013.0,253.63985091463397,280.11992,242.75256666666667,257.7433069135803,243.56684500000006,254.32459036585368,257.6017633557048,-6.68780495,25.666781,15.350125868421056,-5.623319154199999
234,7,NH,3304170.2429906544,33.0,2013.0,265.29878794392533,274.8587333333333,238.507965,272.85306877777776,238.7104675,256.2538237777777,265.67466373831775,-11.3712108,14.687584000000001,17.86434175,-16.81459917719048
235,7,NJ,3409460.873853211,34.0,2013.0,266.63507444954115,287.3264752830189,246.42444893442632,271.82567355498725,252.15177194594597,262.44088588235286,271.7283107197945,-13.116228828252423,17.36397373627451,13.666687602282055,-9.522093746076719
236,7,NM,3501367.313432836,35.0,2013.0,240.97824447761192,269.7179866666666,241.27464166666667,245.11193148148143,238.10909420000004,236.3403653703704,254.51924638888892,-7.1315713333333335,17.513885583333334,13.7457226216129,-9.496867490588237
237,7,NV,3200284.0,32.0,2013.0,247.489124,259.92292499999996,234.77468,251.97198769230772,236.50080454545457,241.97590692307688,253.300105,2.29893495,27.4471815,17.725656654545457,-9.996080904615384
238,7,NY,3616620.3927986906,36.0,2013.0,257.6527607201308,282.74211029850755,241.80847673469387,263.6747081153846,248.38887251968518,253.3887044423079,259.72925407470285,-11.301278418805975,18.17379593853933,16.319766176386555,-10.307641738385568
239,7,OH,3904989.48349835,39.0,2013.0,258.831485429043,276.82125740740736,238.6919925510204,264.992119134948,243.97790882352942,253.40789474137904,260.6346061036788,-7.215326322962964,19.985353730439563,14.727961475098036,-11.345738674635392
240,7,OK,4017577.379310345,40.0,2013.0,249.70068416927887,258.77624888888886,234.7809625,254.18079782828264,241.7997174285714,246.59588715686274,253.56977082191767,-0.18790688333333325,22.891770875000002,15.474917745454551,-7.221403137231635
241,7,OR,4106719.992857143,41.0,2013.0,251.78290478571435,257.7098546153846,232.8859488888889,255.72988008620692,238.6042164516129,248.08715641025648,255.45710786259554,4.2595368124999995,28.839969749999998,19.834686759016396,-8.222420930540542
242,7,PA,4214635.971774193,42.0,2013.0,260.64458328629024,286.23472914893614,242.93728533980584,266.5404400209206,245.48408410256417,255.58772126033043,263.0409162500003,-10.053494378085107,19.84968714002083,19.85207465605263,-10.805753377055296
243,7,RI,4400600.294117647,44.0,2013.0,260.3972941176471,252.21910333333335,241.4909975,266.87408606060615,239.39111214285714,252.56854303030306,265.27172812500004,1.8377024333333332,11.265620528571427,14.781260091666667,-14.305542917412122
244,7,SC,4502363.536585365,45.0,2013.0,243.78231097560985,272.4990735714286,231.43532200000004,246.008615375,243.35758000000004,241.2496193902438,256.26323068493144,-8.08393854,24.071425999999995,15.382703899705882,-4.476305380262501
245,7,SD,4638699.055555556,46.0,2013.0,253.01032588888893,178.81377,234.87135,255.93571162790693,239.95636666666667,252.05830770833344,256.65911839999995,74.610138,29.975540000000002,17.586268099999998,-3.457401807857142
246,7,TN,4702355.122137405,47.0,2013.0,252.88582259541977,269.4985536363636,239.87109839285716,259.19219765625,244.115196969697,246.81793070312494,255.82783799999996,-6.2224246545454545,19.43077337454546,14.777095963636366,-12.374267555937498
247,7,TX,4826568.26102503,48.0,2013.0,249.88175256257463,272.007059493671,238.86123653846147,253.05136502269264,242.21302462890603,246.3595111532845,258.25300993759726,-6.682939028727272,20.028567829999997,15.326906832343502,-6.5661802800109905
248,7,UT,4900614.05,49.0,2013.0,257.00184675,250.66069272727273,236.8176211111111,260.6963640540542,238.00919500000003,252.75592432432433,261.66456975,12.91339245090909,24.97164567377778,24.69894992307692,-7.636776872277778
249,7,VA,5102106.924242424,51.0,2013.0,252.1045938636364,268.04837904761905,238.09412022471906,256.5127626153846,246.06281173913044,248.46855290076343,259.42844773437486,-0.5627862679523805,22.6660227127907,17.19779202826087,-8.084225120076924
250,7,VT,5006646.786666667,50.0,2013.0,262.0306642666667,,240.10275,271.20912439999995,,255.14427680000006,262.5589867123288,,26.902374,,-15.833857631632654
251,7,WA,5305166.904522613,53.0,2013.0,255.2678827135679,271.06579947368414,244.12407960000002,262.44842232142855,243.6165186111111,249.29384642424225,261.46792189349105,-3.705149612105263,23.590507252,18.78430551914894,-12.79100906846154
252,7,WI,5508425.047493404,55.0,2013.0,257.28839767810007,253.3326703448276,237.8800212903226,259.15830561872906,240.0471202564102,256.0657601967213,259.33969224932235,10.527457891724138,26.92421498709677,21.19147665641026,-2.8393404296085434
253,7,WV,5400834.444444444,54.0,2013.0,243.3043664814815,296.34659,235.99260071428574,252.98838851851855,252.11442666666667,233.74943407407412,243.44900574074077,-41.570801,10.396590028571428,0.7474009333333331,-19.238955424074074
254,7,WY,5603534.395348838,56.0,2013.0,258.1008918604651,,238.23762999999997,263.8340230555556,246.78411727272731,255.48736432432432,262.32349102564103,,23.29097,15.245126909090908,-6.171469547714286
255,8,AK,200366.0,2.0,2013.0,255.37506866666664,253.9858075,257.05964,260.60441000000003,264.2601175,251.05451055555557,279.2185781818182,20.58949635,15.5908917,8.057289225,-7.678398700000001
256,8,AL,101699.48507462686,1.0,2013.0,255.01611283582093,280.2811211111111,239.97428638095232,261.05788872180455,247.49622966666666,249.48889174242422,266.59146852173905,-1.018683633333333,25.48659955348839,21.18609038965517,-11.69365748689394
257,8,AR,506773.07488986786,5.0,2013.0,258.73341603524244,278.9588871428572,245.01140609374997,270.48425973821986,254.67068285714282,249.1612795212766,263.2759894685991,-2.943858642857142,19.88316933650769,16.19229451785714,-21.5790311450867
258,8,AZ,404906.7916666667,4.0,2013.0,253.62444229166672,275.5618464,247.86768162790696,258.9364900813008,250.76510048543682,250.56806795081968,265.69738656249996,-3.6030718872,18.570507526829267,14.972095506666665,-9.186417962991452
259,8,CA,621544.7316017316,6.0,2013.0,261.30543455988436,278.7427999999998,251.56337690721662,265.94538385382054,251.392750433145,257.14325779069765,271.50247378986836,-5.370602567877782,18.88974483005465,18.614531130812356,-8.581547820381688
260,8,CO,804539.4016393443,8.0,2013.0,269.075216967213,276.7999755,256.1853364705882,274.3016860869566,256.0997883076923,263.1612969892473,275.3216355963302,1.1722305713349994,21.424314588235294,19.516436842372872,-11.15335204602273
261,8,CT,902731.9727891156,9.0,2013.0,278.81391346938796,293.4315429629629,253.27985344827587,281.2662706666665,259.4129787234043,275.52481791044795,282.29926815602835,-10.183858229629628,22.2449556,18.300119832608697,-6.001358875196966
262,8,DC,1100030.0,11.0,2013.0,246.8,272.80026000000004,242.40477,253.44191,,239.96527000000003,,,,,-13.476639000000002
263,8,DE,1000763.75,10.0,2013.0,262.77014812500005,286.4045766666666,248.35195937499998,266.69646,258.70142909090913,258.86122437500006,271.0310875,-10.765650526666668,22.6791305375,14.321388854545459,-7.8352374875
264,8,FL,1201056.4328358208,12.0,2013.0,262.8221674626865,285.74961250000007,247.15041468085107,268.06504666666666,257.87853162790697,257.83966203124993,269.3337757142857,-11.567578666666664,23.324445527272722,12.387686164285716,-10.266042792063491
265,8,GA,1302861.7932960894,13.0,2013.0,257.83400162011185,280.44997850000004,245.44254746575348,261.9452093567253,255.7928826388889,254.3348314367817,268.09810091463413,-4.077902325000001,22.643950249253738,15.774246012985909,-7.288894818593562
266,8,HI,1500030.0,15.0,2013.0,258.89999,255.93462000000002,263.45633,264.3465,259.45956,253.81617999999997,276.24002,20.305405,12.783691000000001,16.780457000000002,-10.530319
267,8,IA,1916861.7278911564,19.0,2013.0,268.06991758503403,279.8156633333333,244.67726625,271.4341795673078,252.76469518518513,266.2764112033194,269.5910363917526,-1.1289740166666664,28.0138759875,19.172005977777776,-4.979036447015384
268,8,ID,1601687.1136363635,16.0,2013.0,267.1802157954545,292.12194,241.43399,270.12602579710136,251.40694702702697,265.2519021212121,272.5911208974359,-18.48062125,29.097626,20.40424846,-4.490304597076921
269,8,IL,1721576.6214605067,17.0,2013.0,266.988283800298,287.5411743283581,247.68297939849612,273.2781433840303,256.8184468292683,263.0989035820895,270.7918159283386,-3.5152191243283575,23.991177400631575,16.357032178827584,-10.191858949024343
270,8,IN,1806533.0494699646,18.0,2013.0,266.33196922261465,284.551166875,251.20432428571422,272.6495794890512,258.89575929577467,261.08480083018867,267.8999468571428,-5.54983040625,18.454397642500002,11.005676683571428,-11.643403384307696
271,8,KS,2007421.6561085973,20.0,2013.0,267.6957119457013,279.69753499999996,247.739205,270.3134304347825,256.7709896774194,265.5216566666666,269.80062410377354,-3.196497616666667,19.839667350000003,14.298027509733332,-4.856702630072003
272,8,KY,2102944.005882353,21.0,2013.0,267.46202676470585,271.182995,252.9171655172414,272.69218999999987,257.3394191666667,262.2081272955973,268.5689442603552,2.9980889250000002,19.525210596551727,19.909576400000002,-10.45195913550633
273,8,LA,2200887.4,22.0,2013.0,253.31757640000012,276.8296736363636,242.6669192753622,261.1313943478261,257.59494700000005,247.53470833333327,265.373391060606,-5.0756974,19.668454842622957,10.748516049999997,-12.231066037681163
274,8,MA,2507130.310638298,25.0,2013.0,279.75061412765956,297.35381972972976,259.8537115789473,287.8710590350876,255.69938319148935,271.9494726200874,281.766025897436,-9.29593472054054,19.5471583,19.08253281702128,-15.67997816563877
275,8,MD,2400361.08,24.0,2013.0,267.878192,287.2472909090909,252.1692554166667,275.78153040000007,261.55487266666665,260.94320400000004,276.34045166666664,-5.143882063636363,24.412086130434783,17.48364868,-14.838325812000003
276,8,ME,2311143.0458715595,23.0,2013.0,268.9025662385321,260.3938,234.04711500000002,277.328357752809,273.40424,262.21517890109897,269.4178231192662,29.378937,23.384636,16.3685,-15.152321521511633
277,8,MI,2619322.3922764226,26.0,2013.0,263.60294880081284,285.0151923333334,249.1756391228069,268.26779361419085,256.8850718292682,259.59317726666666,265.89772198731475,-10.602619375333331,16.006441338725498,10.268728582839508,-8.701384763858124
278,8,MN,2718763.99669967,27.0,2013.0,266.7278912871286,271.830944,249.001296111111,272.31795866952797,252.19580565217387,264.16028206896556,270.11707194444455,8.955205258333335,29.10847747142857,23.886941584444443,-8.55430248060476
279,8,MO,2918508.251295337,29.0,2013.0,265.91627279792755,285.99527416666666,248.79288907407408,270.1147731046932,258.5200575,262.2164153380782,267.8266145675675,-5.671808936333334,24.024310097959187,13.201157475000002,-8.107714416692547
280,8,MS,2802587.132867133,28.0,2013.0,249.37851790209777,278.2479814285714,242.03669230769233,255.6293855072464,254.59866500000004,244.05920985074647,260.64094135416667,-7.945718014285715,16.657606926142854,11.31979677,-11.592284797748091
281,8,MT,3013239.7216494847,30.0,2013.0,269.6705679381444,267.5806,256.37019499999997,275.5622667924528,259.87596,266.9039122033899,274.0993636585367,4.0568848,17.8527225,14.34695425,-9.066985115
282,8,NC,3702454.2869565217,37.0,2013.0,260.65318800000006,275.85274437500004,245.8370568131867,265.13338982608695,253.65377146666657,256.06066321739115,268.77947362831867,0.7316455906249999,22.5217063719101,15.891346835999997,-9.07272675008696
283,8,ND,3807864.8552631577,38.0,2013.0,264.29296223684213,252.83576499999998,248.10999,265.95282285714285,242.22683999999998,260.62437967741937,268.5435353968253,15.9485245,21.460033349999996,26.557449499999997,-5.5970660304
284,8,NE,3139189.0062111802,31.0,2013.0,267.2186150931678,290.8657533333333,258.6210633333333,273.51024440476186,254.17589090909095,265.5699604545455,270.1082547552446,-10.904093166666668,20.201136333333334,17.60040055894737,-8.553594142777781
285,8,NH,3304127.0654205605,33.0,2013.0,275.4726418691589,274.5785633333333,251.25328000000002,279.65475376470596,250.7925825,268.1483560240963,275.6289811428571,-2.7385357333333338,20.411834499999998,17.16251,-12.125773969278477
286,8,NJ,3409480.693548387,34.0,2013.0,278.2742097695851,298.45154905660377,258.62654465116293,284.4453405370843,265.28846146067417,273.0502349999999,282.66366518041195,-13.266092881153847,16.912716135579434,12.479634332733324,-11.277467160714272
287,8,NM,3501372.686567164,35.0,2013.0,252.8019199999999,285.9784925,248.8558866666667,256.35854924528303,251.33386339622638,249.11448615384617,266.79977147058827,-8.844223125,20.809364333333335,13.978572746129034,-7.6602087268000005
288,8,NV,3200284.0,32.0,2013.0,258.93248666666665,275.03572,248.447265,264.2640514285714,254.114436,253.12184857142856,263.1619285714286,-1.221740745,25.3667145,12.556619319,-11.436704215384616
289,8,NY,3616680.9096989967,36.0,2013.0,270.4306516722406,293.84779253968253,252.6017732038834,275.58768201138514,261.0143069230768,266.64162541586046,272.80112617241406,-9.044127187419354,21.243640072527473,16.49644979995496,-8.763388338614584
290,8,OH,3904990.370247934,39.0,2013.0,269.55901537190067,288.68541304347826,249.84859720000003,273.63254086505196,255.747655609756,265.84474481989696,271.4382672941176,-6.773273614782609,20.77253084021739,13.94795780487805,-7.790763356537792
291,8,OK,4017595.226837061,40.0,2013.0,260.10084255591056,269.23798750000003,,265.54349699453564,,257.9221056476683,263.9362136238531,1.8693366935714286,,,-7.04679585490566
292,8,OR,4106725.111111111,41.0,2013.0,264.12043972222233,271.278878,247.97667299999998,268.2356964347828,251.59722779411757,261.0687423931624,268.43190170370355,5.356197104666666,25.94616708,19.773376718712125,-7.463511533759093
293,8,PA,4214621.4787878785,42.0,2013.0,271.9123138585863,297.83418952380947,256.3431063888888,278.7428535758833,258.42689191780806,265.86736240585776,274.2016321765915,-10.831189799999999,19.439401024097027,18.062668869863018,-13.336380714734599
294,8,RI,4400600.294117647,44.0,2013.0,271.1687979411764,264.20921250000004,253.32187125000002,277.14067352941174,252.4738592307692,264.3605728125,274.7951109375,0.31222547499999975,9.937772650571427,11.221701963636365,-12.004571887500001
295,8,SC,4502348.011904762,45.0,2013.0,254.6587532142858,283.67462923076926,243.03713658536586,259.41314231707327,257.5029297142857,250.74638500000003,267.3467978378379,-7.612379700000001,23.395434065277787,14.22135398057143,-8.40195342839506
296,8,SD,4636431.6,46.0,2013.0,263.96441231578945,,245.40637,270.19012931818185,255.47573,261.7748134042554,268.01068,,33.663635,18.7978595,-7.03058340394737
297,8,TN,4702355.122137405,47.0,2013.0,264.24468572519083,287.6376144444444,251.86138792452817,268.5071888188977,257.6885614814815,260.05027480314965,267.05341769230756,-10.592373225555555,19.27275354615384,13.178137322592598,-8.456914212598427
298,8,TX,4826472.31497006,48.0,2013.0,261.30186108982036,283.0508279452055,250.8632197969544,265.0112355555552,253.9578378313249,257.8329627857146,268.9248552086553,-5.437731450000001,19.66930799142076,14.793143401784612,-7.4085949137984635
299,8,UT,4900614.05,49.0,2013.0,268.97067824999993,261.51517727272727,249.51510285714286,273.42960027777775,250.1421452,265.1468336842105,274.22708625,14.239963836363637,25.483969599999995,23.219005687999996,-8.745176103333332
300,8,VA,5102106.924242424,51.0,2013.0,262.4629845454545,277.0432514285714,248.31801033333326,267.075996870229,258.2015443478262,258.2118625757575,268.9902108593749,0.4355737709523803,21.462922924883724,15.11316845217392,-8.568714288702292
301,8,VT,5006547.765432099,50.0,2013.0,273.0476061728395,,243.20217999999997,282.2388872000001,,267.7240952173913,273.53126794871787,,42.447357000000004,,-14.924614716522733
302,8,WA,5305128.962962963,53.0,2013.0,267.4791062962962,282.4986670588236,257.7664426923076,273.33651071856286,257.4659534285714,263.1755204242424,273.0331549999999,-4.594079363823529,18.796978242307695,17.17123783481915,-10.252045442038222
303,8,WI,5508376.1883289125,55.0,2013.0,269.4408169496017,270.7392114285714,247.94823071428567,274.4740927118645,253.50214475,265.79693277777756,271.3987615531336,6.632058882857143,26.746353714285714,19.379423120000006,-8.156982420358425
304,8,WV,5400840.0,54.0,2013.0,254.11686454545455,298.991855,243.88671499999995,262.67325800000003,247.51758,245.47276945454544,254.54618490909093,-33.463745,13.954413241666666,15.35020435,-17.200488043636362
305,8,WY,5603595.975,56.0,2013.0,271.18363275,,259.77382,277.8927825714286,259.4959954545455,267.24357861111105,274.3928932432433,,9.59284985,14.266339427272728,-10.149722024545454
